{
  "summary": "A short overview of basic Kotlin syntax and idioms",
  "title": "An Intro to Kotlin",
  "programming_language": "kotlin",
  "language": "en",
  "items": [
    {
      "id": 0,
      "title": "Hello Kotlin",
      "task_list": [
        {
          "name": "Hello Kotlin 1",
          "stepic_id": 0,
          "task_files": {
            "Task.kt": {
              "name": "Task.kt",
              "text": "/**\n * Return a \"Hello Kotlin\" String\n */\nfun helloKotlin() : String \u003d TODO()",
              "placeholders": [
                {
                  "offset": 71,
                  "length": 6,
                  "hints": [
                    "Try replacing the TODO() with \"Hello Kotlin\""
                  ],
                  "possible_answer": "\"Hello Kotlin\"",
                  "placeholder_text": "TODO()"
                }
              ]
            }
          },
          "test_files": {
            "Tests.kt": "import org.junit.Assert\nimport org.junit.Test\n\nclass Test {\n    @Test fun testSolution() {\n        //TODO: implement your test here\n        Assert.assertTrue(helloKotlin().equals(\"hello kotlin\", true))\n    }\n}"
          },
          "description_text": "\u003chtml\u003e\nReplace the \u003ci\u003eTODO()\u003c/i\u003e with a String that says \"Hello Kotlin\"\n\u003cbr\u003e\n\u003c/html\u003e",
          "description_format": "html",
          "additional_files": {},
          "task_type": "edu"
        },
        {
          "name": "Hello Kotlin 2",
          "stepic_id": 0,
          "task_files": {
            "Task.kt": {
              "name": "Task.kt",
              "text": "/**\n * Return a \"Hello Kotlin\" String\n */\nfun helloKotlin() : String {\n    TODO()\n}",
              "placeholders": [
                {
                  "offset": 75,
                  "length": 6,
                  "hints": [
                    "Use the `return` keyword to return a \"Hello Kotlin\" String"
                  ],
                  "possible_answer": "return \"Hello Kotlin\"",
                  "placeholder_text": "TODO()"
                }
              ]
            }
          },
          "test_files": {
            "Tests.kt": "import org.junit.Assert\nimport org.junit.Test\n\nclass Test {\n    @Test fun testSolution() {\n        //TODO: implement your test here\n        Assert.assertTrue(helloKotlin().equals(\"hello kotlin\", true))\n    }\n}"
          },
          "description_text": "\u003chtml\u003e\nReplace the \u003ci\u003eTODO()\u003c/i\u003e with a return statement that will return the String \u003ci\u003e\"Hello Kotlin\"\u003c/i\u003e\n\u003cbr\u003e\n\u003c/html\u003e",
          "description_format": "html",
          "additional_files": {},
          "task_type": "edu"
        },
        {
          "name": "Hello Kotlin 3",
          "stepic_id": 0,
          "task_files": {
            "Task.kt": {
              "name": "Task.kt",
              "text": "/**\n * @param greeting A friendly greeting such as \"hello\"\n */\nfun helloKotlin(greeting:String) : String {\n    TODO()\n}",
              "placeholders": [
                {
                  "offset": 111,
                  "length": 6,
                  "hints": [
                    "Try using a String template or concatenating the passed argument \u003ci\u003egreeting\u003c/i\u003e and the String \u003ci\u003e\"Kotlin\"\u003c/i\u003e"
                  ],
                  "possible_answer": "return \"$greeting Kotlin\"",
                  "placeholder_text": "TODO()"
                }
              ]
            }
          },
          "test_files": {
            "Tests.kt": "import org.junit.Assert\nimport org.junit.Test\n\nclass Test {\n    @Test fun testSolution() {\n        //TODO: implement your test here\n        Assert.assertTrue(helloKotlin(\"hey\") \u003d\u003d \"hey Kotlin\")\n    }\n}"
          },
          "description_text": "\u003chtml\u003e\nComplete the return statement to make the function return the passed greeting followed by \u003ci\u003e\"Kotlin\"\u003c/i\u003e\n\u003cbr\u003e\n\u003c/html\u003e",
          "description_format": "html",
          "additional_files": {},
          "task_type": "edu"
        }
      ],
      "type": "lesson"
    },
    {
      "id": 0,
      "title": "Variables",
      "task_list": [
        {
          "name": "Read-Only Variables",
          "stepic_id": 0,
          "task_files": {
            "Task.kt": {
              "name": "Task.kt",
              "text": "/**\n * Return a \"Hello Kotlin\" String\n */\nfun getGreeting() : String {\n    TODO() greeting:String \u003d \"Hello\"\n    val thing:String \u003d \"Kotlin\"\n\n    return greeting + \" \" + thing\n}\n\nfun main() {\n    println(getGreeting())\n}",
              "placeholders": [
                {
                  "offset": 75,
                  "length": 6,
                  "hints": [
                    "Try using \u003ci\u003eval\u003c/i\u003e to make the variable read-only"
                  ],
                  "possible_answer": "var",
                  "placeholder_text": "TODO()"
                }
              ]
            }
          },
          "test_files": {
            "Tests.kt": "import org.junit.Assert\nimport org.junit.Test\n\nclass Test {\n    @Test fun testSolution() {\n        //TODO: implement your test here\n        Assert.assertTrue(getGreeting().equals(\"hello kotlin\", true))\n    }\n}"
          },
          "description_text": "\u003chtml\u003e\nThe keyword \u003ci\u003eval\u003c/i\u003e is used to define a read-only variable.\n\u003cbr\u003e\n\u003cbr\u003e\nDefine \u003ci\u003egreeting\u003c/i\u003e as a read-only variable\n\u003c/html\u003e",
          "description_format": "html",
          "additional_files": {},
          "task_type": "edu"
        },
        {
          "name": "Mutable Variables",
          "stepic_id": 0,
          "task_files": {
            "Task.kt": {
              "name": "Task.kt",
              "text": "fun getGreeting(): String {\n    TODO() greeting:String \u003d \"Hello\"\n    greeting \u003d greeting + \" Kotlin\"\n    return greeting\n}\n\nfun main() {\n    println(getGreeting())\n}",
              "placeholders": [
                {
                  "offset": 32,
                  "length": 6,
                  "hints": [
                    "Use \u003ci\u003evar\u003c/i\u003e to make greeting a mutable variable"
                  ],
                  "possible_answer": "var",
                  "placeholder_text": "TODO()"
                }
              ]
            }
          },
          "test_files": {
            "Tests.kt": "import org.junit.Assert\nimport org.junit.Test\n\nclass Test {\n    @Test fun testSolution() {\n        //TODO: implement your test here\n        Assert.assertTrue(getGreeting().equals(\"hello kotlin\", true))\n    }\n}"
          },
          "description_text": "\u003chtml\u003e\nThe keyword \u003ci\u003evar\u003c/i\u003e is used to define a mutable variable.\n\u003cbr\u003e\n\u003cbr\u003e\nDefine \u003ci\u003egreeting\u003c/i\u003e as a mutable variable so its value can be modified to provide a full \"Hello Kotlin\" greeting.\n\u003c/html\u003e",
          "description_format": "html",
          "additional_files": {},
          "task_type": "edu"
        },
        {
          "name": "Type Inference",
          "stepic_id": 0,
          "task_files": {
            "Task.kt": {
              "name": "Task.kt",
              "text": "/**\n * Return a \"Hello Kotlin\" String\n */\nfun getGreeting() : String {\n    val greeting : String \u003d \"Hello\"\n    val thing \u003d \"Kotlin\"\n\n    return greeting + \" \" + thing\n}\n\nfun main() {\n    println(getGreeting())\n}",
              "placeholders": [
                {
                  "offset": 88,
                  "length": 8,
                  "hints": [
                    "Remove the explicit type declaration"
                  ],
                  "possible_answer": ": String",
                  "placeholder_text": ": String"
                }
              ]
            }
          },
          "test_files": {
            "Tests.kt": "import org.junit.Assert\nimport org.junit.Test\n\nclass Test {\n    @Test fun testSolution() {\n        //TODO: implement your test here\n        Assert.assertTrue(getGreeting().equals(\"hello kotlin\", true))\n    }\n}"
          },
          "description_text": "\u003chtml\u003e\nKotlin supports type inference.  If the compiler can determine what the return type will be, you can omit the type declaration\n\u003cbr\u003e\n\u003cbr\u003e\nUpdate the declaration of \u003ci\u003eval greeting\u003c/i\u003e to use type inference\n\u003c/html\u003e",
          "description_format": "html",
          "additional_files": {},
          "task_type": "edu"
        }
      ],
      "type": "lesson"
    },
    {
      "id": 0,
      "title": "Nullability",
      "task_list": [
        {
          "name": "Null vs Non-Null",
          "stepic_id": 0,
          "task_files": {
            "Task.kt": {
              "name": "Task.kt",
              "text": "/**\n * @return A greeting built with the passed name\n */\nfun getGreeting(name:String) : String {\n    return \"Hello $name\"\n}\n\nfun main() {\n    println(getGreeting(null))\n}",
              "placeholders": [
                {
                  "offset": 162,
                  "length": 4,
                  "hints": [
                    "Try passing a non-null String as the function argument"
                  ],
                  "possible_answer": "null",
                  "placeholder_text": "null"
                }
              ]
            }
          },
          "test_files": {
            "Tests.kt": "import org.junit.Assert\nimport org.junit.Test\n\nclass Test {\n    @Test fun testSolution() {\n        //TODO: implement your test here\n        Assert.assertTrue(getGreeting(\"kotlin\").isNotBlank())\n    }\n}"
          },
          "description_text": "\u003chtml\u003e\nTypes in Kotlin must explicitly be marked as null\n\u003cbr\u003e\n\u003cbr\u003e\nThe \u003ci\u003egetGreeting()\u003c/i\u003e function takes a non-null \u003ci\u003ename\u003c/i\u003e argument.\n\u003cbr\u003e\n\u003cbr\u003e\nPass your name to \u003ci\u003egetGreeting()\u003c/i\u003e to fix the code\n\u003c/html\u003e",
          "description_format": "html",
          "additional_files": {},
          "task_type": "edu"
        },
        {
          "name": "Defining Null",
          "stepic_id": 0,
          "task_files": {
            "Task.kt": {
              "name": "Task.kt",
              "text": "/**\n * @return A greeting built with the passed name\n */\nfun getGreeting(name:String) : String {\n    return \"Hello $name\"\n}\n\nfun main() {\n    println(getGreeting(null))\n}",
              "placeholders": [
                {
                  "offset": 78,
                  "length": 6,
                  "hints": [
                    "Try adding a \u003ci\u003e?\u003c/i\u003e to the end of \u003ci\u003eString\u003c/i\u003e type name"
                  ],
                  "possible_answer": "String?",
                  "placeholder_text": "String"
                }
              ]
            }
          },
          "test_files": {
            "Tests.kt": "import org.junit.Assert\nimport org.junit.Test\n\nclass Test {\n    @Test fun testSolution() {\n        //TODO: implement your test here\n        Assert.assertTrue(getGreeting(null).isNotBlank())\n    }\n}"
          },
          "description_text": "\u003chtml\u003e\nTypes in Kotlin must explicitly be marked as null\n\u003cbr\u003e\n\u003cbr\u003e\nUpdate the \u003ci\u003egetGreeting()\u003c/i\u003e function to accept a null \u003ci\u003ename\u003c/i\u003e argument.\n\u003cbr\u003e\n\u003c/html\u003e",
          "description_format": "html",
          "additional_files": {},
          "task_type": "edu"
        },
        {
          "name": "Handling Null 1",
          "stepic_id": 0,
          "task_files": {
            "Task.kt": {
              "name": "Task.kt",
              "text": "/**\n * @return A greeting built with the passed name\n */\nfun getGreeting(name:String?) : String {\n    val validatedName \u003d if (name !\u003d null) {\n        name\n    } else {\n        TODO()\n    }\n    return \"Hello $validatedName\"\n}\n\nfun main() {\n    println(getGreeting(null))\n}",
              "placeholders": [
                {
                  "offset": 176,
                  "length": 6,
                  "hints": [
                    "Return \"Kotlin\" if the passed \u003ci\u003ename\u003c/i\u003e argument is \u003ci\u003enull\u003c/i\u003e"
                  ],
                  "possible_answer": "\"Kotlin\"",
                  "placeholder_text": "TODO()"
                }
              ]
            }
          },
          "test_files": {
            "Tests.kt": "import org.junit.Assert\nimport org.junit.Test\n\nclass Test {\n    @Test fun testSolution() {\n        //TODO: implement your test here\n        Assert.assertTrue(getGreeting(null).equals(\"Hello Kotlin\", true))\n    }\n}"
          },
          "description_text": "\u003chtml\u003e\nBecause Kotlin differentiates between \u003ci\u003enull\u003c/i\u003e and \u003ci\u003enon-null\u003c/i\u003e types, it\u0027s a good practice to account for, and avoid, null when possible\n\u003cbr\u003e\n\u003cbr\u003e\nUpdate the \u003ci\u003egetGreeting()\u003c/i\u003e function to return \"Kotlin\" if the passed \u003ci\u003ename\u003c/i\u003e argument is \u003ci\u003enull\u003c/i\u003e\n\u003c/html\u003e",
          "description_format": "html",
          "additional_files": {},
          "task_type": "edu"
        },
        {
          "name": "Handling Null 2",
          "stepic_id": 0,
          "task_files": {
            "Task.kt": {
              "name": "Task.kt",
              "text": "/**\n * @return A greeting built with the passed name\n */\nfun getGreeting(name:String?) : String {\n    val validatedName \u003d name ?: TODO()\n    return \"Hello $validatedName\"\n}\n\nfun main() {\n    println(getGreeting(null))\n}",
              "placeholders": [
                {
                  "offset": 130,
                  "length": 6,
                  "hints": [
                    "Return \"Kotlin\" if the passed \u003ci\u003ename\u003c/i\u003e argument is \u003ci\u003enull\u003c/i\u003e"
                  ],
                  "possible_answer": "\"Kotlin\"",
                  "placeholder_text": "TODO()"
                }
              ]
            }
          },
          "test_files": {
            "Tests.kt": "import org.junit.Assert\nimport org.junit.Test\n\nclass Test {\n    @Test fun testSolution() {\n        //TODO: implement your test here\n        Assert.assertTrue(getGreeting(null).equals(\"Hello Kotlin\", true))\n    }\n}"
          },
          "description_text": "\u003chtml\u003e\nBecause Kotlin differentiates between \u003ci\u003enull\u003c/i\u003e and \u003ci\u003enon-null\u003c/i\u003e types, it\u0027s a good practice to account for, and avoid, null when possible\n\u003cbr\u003e\n\u003cbr\u003e\nThe \u003ci\u003eElivs\u003c/i\u003e operator allows us to return a \u003ci\u003enon-null\u003c/i\u003e value if an initial value is \u003ci\u003enull\u003c/i\u003e\n\u003cbr\u003e\n\u003cbr\u003e\nUpdate the \u003ci\u003egetGreeting()\u003c/i\u003e function to return \"Kotlin\" if the passed \u003ci\u003ename\u003c/i\u003e argument is \u003ci\u003enull\u003c/i\u003e\n\u003c/html\u003e",
          "description_format": "html",
          "additional_files": {},
          "task_type": "edu"
        },
        {
          "name": "Handling Null 3",
          "stepic_id": 0,
          "task_files": {
            "Task.kt": {
              "name": "Task.kt",
              "text": "/**\n * @return A greeting built with the passed name\n */\nfun getGreeting(name:String?) : String {\n    return \"Hello ${nameTODO()capitalize() ?: \"Kotlin\"}\"\n}",
              "placeholders": [
                {
                  "offset": 122,
                  "length": 6,
                  "hints": [
                    "Replace the call to \u003ci\u003ecapitalize()\u003c/i\u003e with a null safe call"
                  ],
                  "possible_answer": "?.",
                  "placeholder_text": "TODO()"
                }
              ]
            }
          },
          "test_files": {
            "Tests.kt": "import org.junit.Assert\nimport org.junit.Test\n\nclass Test {\n    @Test fun testSolution() {\n        //TODO: implement your test here\n        Assert.assertTrue(getGreeting(null) \u003d\u003d \"Hello Kotlin\")\n        Assert.assertTrue(getGreeting(\"nate\") \u003d\u003d \"Hello Nate\")\n    }\n}"
          },
          "description_text": "\u003chtml\u003e\nUpdate the return statement so the resolved name is never null\n\u003cbr\u003e\n\u003cbr\u003e\nBy combining the safe call operator \u003ci\u003e?.\u003c/i\u003e with the elvis operator \u003ci\u003e?:\u003c/i\u003e we can perform operations on a nullable object and provide a safe default if any part of the expression evaluates to null\n\u003c/html\u003e",
          "description_format": "html",
          "additional_files": {},
          "task_type": "edu"
        }
      ],
      "type": "lesson"
    },
    {
      "id": 0,
      "title": "Arrays, Lists, Loops",
      "task_list": [
        {
          "name": "Create Array",
          "stepic_id": 0,
          "task_files": {
            "Task.kt": {
              "name": "Task.kt",
              "text": "fun getGreeting(name:String?) : String {\n    val validatedName \u003d name ?: \"Kotlin\"\n    return \"Hello $validatedName\"\n}\n\n/**\n * @return An array of names\n */\nfun getNames() : Array\u003cString\u003e {\n    return TODO()\n}\n\nfun main() {\n    val names \u003d getNames()\n\n    for (name in names) {\n        println(getGreeting(name))\n    }\n}",
              "placeholders": [
                {
                  "offset": 200,
                  "length": 6,
                  "hints": [
                    "Try using the \u003ci\u003earrayOf()\u003c/i\u003e function to create an array of names"
                  ],
                  "possible_answer": "arrayOf(\"nate\", \"udacity\")",
                  "placeholder_text": "TODO()"
                }
              ]
            }
          },
          "test_files": {
            "Tests.kt": "import org.junit.Assert\nimport org.junit.Test\n\nclass Test {\n    @Test fun testSolution() {\n        //TODO: implement your test here\n        Assert.assertTrue(getNames().isNotEmpty())\n    }\n}"
          },
          "description_text": "\u003chtml\u003e\nKotlin supports Arrays, and provides convenient functions for working with them.\n\u003cbr\u003e\n\u003cbr\u003e\nThe \u003ci\u003earrayOf()\u003c/i\u003e function provides an easy method of creating a new Array\n\u003cbr\u003e\n\u003cbr\u003e\nComplete the \u003ci\u003egetNames()\u003c/i\u003e function to return an array of Strings\n\u003c/html\u003e",
          "description_format": "html",
          "additional_files": {},
          "task_type": "edu"
        },
        {
          "name": "Create List",
          "stepic_id": 0,
          "task_files": {
            "Task.kt": {
              "name": "Task.kt",
              "text": "fun getGreeting(name:String?) : String {\n    val validatedName \u003d name ?: \"Kotlin\"\n    return \"Hello $validatedName\"\n}\n\n/**\n * @return A list of names\n */\nfun getNames() : List\u003cString\u003e {\n    return TODO()\n}\n\nfun main() {\n    val names \u003d getNames()\n\n    for (name in names) {\n        println(getGreeting(name))\n    }\n}",
              "placeholders": [
                {
                  "offset": 197,
                  "length": 6,
                  "hints": [
                    "Use the \u003ci\u003elistOf()\u003c/i\u003e function to return a list of names"
                  ],
                  "possible_answer": "listOf(\"nate\", \"udacity\")",
                  "placeholder_text": "TODO()"
                }
              ]
            }
          },
          "test_files": {
            "Tests.kt": "import org.junit.Assert\nimport org.junit.Test\n\nclass Test {\n    @Test fun testSolution() {\n        //TODO: implement your test here\n        Assert.assertTrue(getNames().isNotEmpty())\n    }\n}"
          },
          "description_text": "\u003chtml\u003e\nKotlin supports Lists, and provides convenient functions for working with them.\n\u003cbr\u003e\n\u003cbr\u003e\nThe \u003ci\u003elistOf()\u003c/i\u003e function provides an easy method of creating a new immutable List\n\u003cbr\u003e\n\u003cbr\u003e\nComplete the \u003ci\u003egetNames()\u003c/i\u003e function to return a list of Strings\n\u003c/html\u003e",
          "description_format": "html",
          "additional_files": {},
          "task_type": "edu"
        },
        {
          "name": "Immutable Lists",
          "stepic_id": 0,
          "task_files": {
            "Task.kt": {
              "name": "Task.kt",
              "text": "fun getGreeting(name:String?) : String {\n    val validatedName \u003d name ?: \"Kotlin\"\n    return \"Hello $validatedName\"\n}\n\n/**\n * @return A mutable of names\n */\nfun getNames() : MutableList\u003cString\u003e {\n    return TODO()\n}\n\nfun main() {\n    val names \u003d getNames()\n    names.add(\"Udacity\")\n\n    for (name in names) {\n        println(getGreeting(name))\n    }\n}",
              "placeholders": [
                {
                  "offset": 207,
                  "length": 6,
                  "hints": [
                    "Use the \u003ci\u003emutableListOf()\u003c/i\u003e function to create a \u003ci\u003emutable\u003c/i\u003e list of names"
                  ],
                  "possible_answer": "mutableListOf(\"nate\", \"udacity\")",
                  "placeholder_text": "TODO()"
                }
              ]
            }
          },
          "test_files": {
            "Tests.kt": "import org.junit.Assert\nimport org.junit.Test\n\nclass Test {\n    @Test fun testSolution() {\n        val names \u003d getNames()\n        names.add(\"Udacity\")\n        Assert.assertTrue(names.isNotEmpty())\n    }\n}"
          },
          "description_text": "\u003chtml\u003e\nKotlin supports both \u003ci\u003emutable\u003c/i\u003e and \u003ci\u003eimmutable\u003c/i\u003e collections\n\u003cbr\u003e\n\u003cbr\u003e\nThe \u003ci\u003elistOf()\u003c/i\u003e function creates an \u003ci\u003eimmutable\u003c/i\u003e list.  This means it can not be modified once created. The \u003ci\u003emutableListOf()\u003c/i\u003e function will create a \u003ci\u003emutable\u003c/i\u003e list that can then be modified.\n\u003cbr\u003e\n\u003cbr\u003e\nModify the \u003ci\u003egetNames()\u003c/i\u003e function to return a \u003ci\u003emutable\u003c/i\u003e list of Strings\n\u003c/html\u003e",
          "description_format": "html",
          "additional_files": {},
          "task_type": "edu"
        },
        {
          "name": "Traversing a Collection",
          "stepic_id": 0,
          "task_files": {
            "Task.kt": {
              "name": "Task.kt",
              "text": "fun getGreeting(name:String?) : String {\n    val validatedName \u003d name ?: \"Kotlin\"\n    return \"Hello $validatedName\"\n}\n\n/**\n * @return A list of names\n */\nfun getNames() : List\u003cString\u003e {\n    return listOf(\"nate\", \"udacity\")\n}\n\nfun main() {\n    val names \u003d getNames()\n    names.forEach { name -\u003e\n        println(TODO())\n    }\n}",
              "placeholders": [
                {
                  "offset": 310,
                  "length": 6,
                  "hints": [
                    "call the \u003ci\u003egetGreeting\u003c/i\u003e function to print out each greeting"
                  ],
                  "possible_answer": "getGreeting(name)",
                  "placeholder_text": "TODO()"
                }
              ]
            }
          },
          "test_files": {
            "Tests.kt": "import org.junit.Assert\nimport org.junit.Test\n\nclass Test {\n    @Test fun testSolution() {\n        //TODO: implement your test here\n        Assert.assertTrue(true)\n    }\n}"
          },
          "description_text": "\u003chtml\u003e\nKotlin provides multiple ways of traversing an array, list, or any collection\n\u003cbr\u003e\n\u003cbr\u003e\n\u003ca href\u003d\"https://kotlinlang.org/docs/reference/basic-syntax.html#using-collections\"\u003eUsing Collections\u003c/a\u003e\n\u003cbr\u003e\n\u003cbr\u003e\nThe \u003ci\u003eforEach\u003c/i\u003e function allows us to run a function for each item in a collection.\n\u003cbr\u003e\n\u003cbr\u003e\nComplete the body of the \u003ci\u003eforEach\u003c/i\u003e function to print out each name\n\u003c/html\u003e",
          "description_format": "html",
          "additional_files": {},
          "task_type": "edu"
        }
      ],
      "type": "lesson"
    },
    {
      "id": 0,
      "title": "Edu additional materials",
      "task_list": [
        {
          "name": "Edu additional materials",
          "stepic_id": 0,
          "task_files": {},
          "test_files": {},
          "description_format": "html",
          "additional_files": {
            "build.gradle": "buildscript {\n    ext.kotlin_version \u003d \u00271.2.41\u0027\n\n    repositories {\n        mavenCentral()\n    }\n\n    dependencies {\n        classpath \"org.jetbrains.kotlin:kotlin-gradle-plugin:$kotlin_version\"\n    }\n}\n\ndef printOutput(def output) {\n    return tasks.create(\"printOutput\") {\n        for (line in output.toString().readLines()) {\n            println \"#educational_plugin\" + line\n        }\n    }\n}\n\nsubprojects {\n    apply plugin: \u0027application\u0027\n    apply plugin: \u0027java\u0027\n    apply plugin: \u0027kotlin\u0027\n\n    sourceCompatibility \u003d 1.8\n\n    repositories {\n        mavenCentral()\n    }\n\n    dependencies {\n        compile \"org.jetbrains.kotlin:kotlin-stdlib-jdk8:$kotlin_version\"\n        testCompile group: \u0027junit\u0027, name: \u0027junit\u0027, version: \u00274.12\u0027\n    }\n\n    compileKotlin.destinationDir \u003d compileJava.destinationDir\n\n    compileKotlin {\n        kotlinOptions.jvmTarget \u003d \"1.8\"\n    }\n    compileTestKotlin {\n        kotlinOptions.jvmTarget \u003d \"1.8\"\n    }\n\n    sourceSets {\n        main {\n            kotlin.srcDir \u0027src\u0027\n            java.srcDir \u0027src\u0027\n        }\n        test {\n            kotlin.srcDir \u0027test\u0027\n            java.srcDir \u0027test\u0027\n        }\n    }\n\n    mainClassName \u003d project.hasProperty(\"mainClass\") ? project.getProperty(\"mainClass\") : \"\"\n\n    test {\n        outputs.upToDateWhen { false }\n        afterTest { TestDescriptor test, TestResult result -\u003e\n            if (result.resultType \u003d\u003d TestResult.ResultType.FAILURE) {\n                def message \u003d result.exception?.message ?: \"Wrong answer\"\n                def lines \u003d message.readLines()\n                println \"#educational_plugin FAILED + \" + lines[0]\n                lines[1..-1].forEach { line -\u003e\n                    println \"#educational_plugin\" + line\n                }\n                // we need this to separate output of different tests\n                println\n            }\n        }\n    }\n\n    def runOutput \u003d new ByteArrayOutputStream()\n    tasks.run.setStandardOutput(runOutput)\n    tasks.run.doLast { printOutput(runOutput) }\n}\n\nproject(\u0027:util\u0027) {\n    dependencies {\n        compile group: \u0027junit\u0027, name: \u0027junit\u0027, version: \u00274.12\u0027\n    }\n}\n\nconfigure(subprojects.findAll {it.name !\u003d \u0027util\u0027}) {\n  dependencies {\n    compile project(\u0027:util\u0027).sourceSets.main.output\n    testCompile project(\u0027:util\u0027).sourceSets.test.output\n  }\n}\n\ntask wrapper(type: Wrapper) {\n  gradleVersion \u003d \u00274.5\u0027\n}\n"
          },
          "task_type": "edu"
        }
      ],
      "type": "lesson"
    }
  ]
}